{
    "54": [
        [
            0.0,
            0.0,
            0.0
        ],
        [
            0.0,
            1.0,
            0.0
        ],
        [
            -0.4472135901451111,
            1.0,
            -0.8944271802902222
        ],
        [
            -0.4472135901451111,
            0.0,
            -0.8944271802902222
        ]
    ],
    "55": [
        [
            -0.40177661250402347,
            1.5416409513229232,
            0.0021643474429044315
        ],
        [
            -1.3554547605314406,
            1.8424341952456569,
            -0.0024632205398040967
        ],
        [
            -1.485907508380389,
            1.4150647874946087,
            -0.8970790430564735
        ],
        [
            -0.5322293603529719,
            1.1142715435718749,
            -0.892451475073765
        ]
    ],
    "56": [
        [
            -1.992448661608289,
            1.6139015318778098,
            0.0006079413643041455
        ],
        [
            -2.5785641983933867,
            0.803709942166791,
            0.008234572379961187
        ],
        [
            -2.228032457672929,
            0.5416613926271105,
            -0.8909083842357463
        ],
        [
            -1.6419169208878317,
            1.3518529823381291,
            -0.8985350152514032
        ]
    ],
    "57": [
        [
            -1.3206591676485504,
            -0.8572327316822361,
            -0.00240385969389132
        ],
        [
            -0.36959850905189107,
            -0.5482597877803641,
            0.0019942769910399134
        ],
        [
            -0.5031777698262203,
            -0.1243333659326038,
            -0.8937975347321633
        ],
        [
            -1.4542384284228798,
            -0.4333063098344758,
            -0.8981956714170946
        ]
    ],
    "58": [
        [
            -2.118653229121731,
            1.5252718346297396,
            0.330857069269351
        ],
        [
            -1.1718239271223516,
            1.8469254996431061,
            0.32356373951971473
        ],
        [
            -1.020868167139429,
            1.4228145878344152,
            1.2165039911674826
        ],
        [
            -1.9676974691388085,
            1.1011609228210486,
            1.223797320917119
        ]
    ],
    "59": [
        [
            -2.5657842567894393,
            0.13894192237296124,
            0.008976220593016646
        ],
        [
            -1.970676468965813,
            -0.664679679972872,
            0.00272793164438677
        ],
        [
            -1.6208856454892464,
            -0.3986640962223491,
            -0.8955382254679997
        ],
        [
            -2.2159934333128732,
            0.40495750612348413,
            -0.8892899365193698
        ]
    ],
    "60": [
        [
            -2.5174579271041133,
            -0.019001283565914604,
            0.31558095638673156
        ],
        [
            -2.516063318601268,
            0.980992548151772,
            0.31880455588156364
        ],
        [
            -2.064561143783735,
            0.977486558776825,
            1.2110676864509833
        ],
        [
            -2.0659557522865803,
            -0.022507272940861543,
            1.207844086956151
        ]
    ],
    "61": [
        [
            -1.1574672871202267,
            -0.8802028698242056,
            0.31375169300647093
        ],
        [
            -2.1094118503410724,
            -0.5741695178151607,
            0.30170445214468866
        ],
        [
            -1.9837619353390799,
            -0.14805617463827703,
            1.1976059632644163
        ],
        [
            -1.0318173721182342,
            -0.45408952664732194,
            1.2096532041261985
        ]
    ],
    "62": [
        [
            0.06709593411510609,
            0.1461250345722445,
            0.32779288172087623
        ],
        [
            -0.5224185405531935,
            -0.6616246861472134,
            0.331408519174596
        ],
        [
            -0.8773999280540343,
            -0.39853549329990157,
            1.2284995352565364
        ],
        [
            -0.2878854533857348,
            0.40921422741955626,
            1.2248838978028165
        ]
    ],
    "63": [
        [
            -0.524863919162624,
            1.622565635314106,
            0.3161030502019857
        ],
        [
            0.07205453487588775,
            0.8202695200982985,
            0.313053011202747
        ],
        [
            -0.27823704660493076,
            0.5562317957510432,
            1.2117074987924938
        ],
        [
            -0.8751555006434425,
            1.3585279109668507,
            1.2147575377917326
        ]
    ],
    "64": [
        [
            -0.6891051861994372,
            -0.0018950596406662147,
            -1.0496475755118098
        ],
        [
            -0.692639356844445,
            0.9980958245289295,
            -1.0520436588914723
        ],
        [
            -1.6926111336167686,
            0.994577627645142,
            -1.0454052894012238
        ],
        [
            -1.6890769629717608,
            -0.005413256524453734,
            -1.0430092060215612
        ]
    ]
}