{
    "name": 10,
    "marker_length": 0.01415,
    "pts_file_path": "pts/oid10_pts.json",
    "T_MtoI": {
        "r": [
            [0.00481387095099, -0.0035851101478, -0.999981986654],
            [0.589002918808, -0.808110573083, 0.00573265272715],
            [-0.808116568498, -0.589019905145, -0.00177849967972]
        ],
        "t": [
            [-0.02, 0.017, 0.003]
        ]
    }
}