{
    "mtx":[
        [
          3376.463064105213,
          0.0,
          1230.1585075642947
        ],
        [
          0.0,
          3370.8849738925696,
          772.6053977619631
        ],
        [
          0.0,
          0.0,
          1.0
        ]
      ],
      "dist": [
        [
          -0.2341854174786383,
          0.44066224093720197,
          0.00016741195066294494,
          -0.0016788961825249524,
          -1.055919028469733
        ]
      ]
}