{
"mtx": [
        [
          2310.949723381696,
          0.0,
          1222.7250236672605
        ],
        [
          0.0,
          2311.1026600912314,
          1040.0160441747516
        ],
        [
          0.0,
          0.0,
          1.0
        ]
      ],
      "dist": [
        [
          -0.1817938703136715,
          0.13392674389482878,
          6.356402489974412e-06,
          0.00027010453924987263,
          -0.05731254132191308
        ]
      ]
}