{
    "0": [
        [
            -0.5355455177312525,
            1.6479731839264555,
            0.3110137558988688
        ],
        [
            0.052289052160117755,
            0.8389766045233099,
            0.31096350866734096
        ],
        [
            -0.3094983214284664,
            0.5760429289381156,
            1.2053881188219024
        ],
        [
            -0.8973136983199044,
            1.385098584059348,
            1.2054073127456042
        ]
    ],
    "1": [
        [
            0.04477052717969882,
            0.12496861007570133,
            0.3109191603725443
        ],
        [
            -0.5430317328876648,
            -0.6841010785426441,
            0.31086890668454037
        ],
        [
            -0.9047995469768204,
            -0.4212954405342012,
            1.2053261714253656
        ],
        [
            -0.31706333397655984,
            0.38779570824295945,
            1.20537642644619
        ]
    ],
    "2": [
        [
            -1.2441896541170547,
            -0.9039794930897463,
            0.31085524851006585
        ],
        [
            -2.1952674203983875,
            -0.5949532061504424,
            0.31087444112237983
        ],
        [
            -2.057077820887592,
            -0.1696774800344203,
            1.205341797978513
        ],
        [
            -1.1060000546062596,
            -0.4787037669737242,
            1.2053226053661992
        ]
    ],
    "3": [
        [
            -2.608892010136629,
            4.153143544194382e-05,
            0.3109113966099098
        ],
        [
            -2.608871389717607,
            0.9999965645958914,
            0.3109424485849152
        ],
        [
            -2.1616947259308064,
            0.9999581774354044,
            1.2053833889427115
        ],
        [
            -2.161649299282726,
            -1.83158838605868e-05,
            1.2053523356348852
        ]
    ],
    "4": [
        [
            -2.1708902658032785,
            1.577174615372643,
            0.31100935581166095
        ],
        [
            -1.219808979197838,
            1.8862085700990288,
            0.3109974950223827
        ],
        [
            -1.081620054817693,
            1.460821492282548,
            1.2054120157272763
        ],
        [
            -2.032682148423202,
            1.1518466132742486,
            1.2053928232087288
        ]
    ],
    "5": [
        [
            -1.5273318297629452,
            1.4609485942928249,
            -0.8943502024353666
        ],
        [
            -0.5762540634816125,
            1.151922307353521,
            -0.8943693950476805
        ],
        [
            -0.4380644639708173,
            1.5771980334695432,
            9.796180845302411e-05
        ],
        [
            -1.3891422302521501,
            1.8862243204088471,
            0.00011715442076697067
        ]
    ],
    "6": [
        [
            -0.44726894450205157,
            1.000095416356654,
            -0.8944409390249757
        ],
        [
            -0.44724271085390294,
            5.9847319302502866e-05,
            -0.8944409390249756
        ],
        [
            0.0,
            0.0,
            0.0
        ],
        [
            -2.6233648148354938e-05,
            1.0000355690373515,
            -1.2282147141776806e-16
        ]
    ],
    "7": [
        [
            -0.5517907525707273,
            -0.16957416263162112,
            -0.8944514754597075
        ],
        [
            -1.5028624426762023,
            -0.47857857467645637,
            -0.8945327837669255
        ],
        [
            -1.3646074712289549,
            -0.9039871126517528,
            -0.00011826439485217144
        ],
        [
            -0.4136018281905827,
            -0.5949612404481022,
            -3.695475481359111e-05
        ]
    ],
    "8": [
        [
            -1.6964965971409696,
            -0.43156552987700025,
            -0.8944988070430174
        ],
        [
            -2.284311974032408,
            0.37749012524423253,
            -0.8944796131193155
        ],
        [
            -2.6460993476209915,
            0.11455644965903833,
            -5.500296475396175e-05
        ],
        [
            -2.058283970729554,
            -0.6944992054621941,
            -7.419688845579966e-05
        ]
    ],
    "9": [
        [
            -2.2994332899431984,
            0.5761455518998206,
            -0.8944362173315784
        ],
        [
            -1.7116310298758348,
            1.385215240518166,
            -0.8943859636435741
        ],
        [
            -2.0733988439649904,
            1.648020878526609,
            7.130109725093224e-05
        ],
        [
            -2.6612011040323544,
            0.8389511899082636,
            2.1047409246862104e-05
        ]
    ],
    "10": [
        [
            -1.7487896229272044,
            0.9744180807413294,
            -1.080753341952067
        ],
        [
            -1.7487729857790217,
            -0.02564702133255819,
            -1.0808154577407374
        ],
        [
            -0.7487732271432394,
            -0.02565179561508113,
            -1.0808154564079169
        ],
        [
            -0.7487238172243191,
            0.974391846299991,
            -1.080753341952067
        ]
    ]
}