{
    "mtx":[
        [
          3363.6449648147627,
          0.0,
          1257.6610739144962
        ],
        [
          0.0,
          3360.2635231676695,
          759.3892456163414
        ],
        [
          0.0,
          0.0,
          1.0
        ]
      ],
      "dist": [
        [
          -0.21411757653030355,
          0.18231427030869513,
          0.0009721872970099501,
          0.0025343921525311786,
          -0.29377820075115657
        ]
      ]
}