{
    "64": [
        [
            0.006355417527999328,
            -0.006523651229343656,
            6.491930340060568e-19
        ],
        [
            0.006355417527999327,
            0.005676348770656343,
            -1.1271638053941943e-18
        ],
        [
            -0.005844582472000672,
            0.005676348770656343,
            -5.499904807350192e-19
        ],
        [
            -0.005844582472000672,
            -0.006523651229343657,
            1.2263663586652317e-18
        ]
    ],
    "54": [
        [
            0.017600277775098646,
            -0.006523651229343654,
            0.014489720494198636
        ],
        [
            0.017600277775098646,
            0.005676348770656345,
            0.014489720494198636
        ],
        [
            0.01214427190999916,
            0.005676348770656342,
            0.0035777087639996636
        ],
        [
            0.012144271909999161,
            -0.006523651229343654,
            0.0035777087639996636
        ]
    ],
    "55": [
        [
            0.010837313425321866,
            0.014984770630480196,
            0.01448972049419863
        ],
        [
            -0.0007655760734790083,
            0.018754777961854548,
            0.01448972049419863
        ],
        [
            -0.0024515746072041357,
            0.01356580803090709,
            0.0035777087639996606
        ],
        [
            0.009151314891596738,
            0.009795800699532743,
            0.003577708763999662
        ]
    ],
    "56": [
        [
            -0.010404417842066624,
            0.015622928422367989,
            0.014489720494198638
        ],
        [
            -0.017575397920034787,
            0.005752921090993632,
            0.014489720494198647
        ],
        [
            -0.013161396453759923,
            0.002545961307066919,
            0.003577708763999674
        ],
        [
            -0.00599041637579176,
            0.012415968638441277,
            0.0035777087639996654
        ]
    ],
    "59": [
        [
            -0.017575397920034784,
            -0.0057529210909936625,
            0.014489720494198648
        ],
        [
            -0.010404417842066603,
            -0.015622928422368012,
            0.014489720494198648
        ],
        [
            -0.005990416375791733,
            -0.012415968638441289,
            0.00357770876399968
        ],
        [
            -0.013161396453759914,
            -0.002545961307066945,
            0.003577708763999678
        ]
    ],
    "57": [
        [
            -0.0007655760734789799,
            -0.01875477796185452,
            0.014489720494198657
        ],
        [
            0.010837313425321885,
            -0.01498477063048015,
            0.014489720494198659
        ],
        [
            0.009151314891596757,
            -0.009795800699532727,
            0.0035777087639996797
        ],
        [
            -0.0024515746072041075,
            -0.0135658080309071,
            0.0035777087639996758
        ]
    ],
    "61": [
        [
            -4.025645112843444e-05,
            -0.01849294710274447,
            0.01902111456180004
        ],
        [
            -0.011643145949929313,
            -0.014722939771370132,
            0.01902111456180004
        ],
        [
            -0.00995714741620419,
            -0.00953396984042268,
            0.02993312629199901
        ],
        [
            0.0016457420825966875,
            -0.01330397717179702,
            0.02993312629199901
        ]
    ],
    "60": [
        [
            -0.01760027777509863,
            -0.006523651229343675,
            0.01902111456180003
        ],
        [
            -0.017600277775098653,
            0.005676348770656324,
            0.01902111456180001
        ],
        [
            -0.012144271909999163,
            0.005676348770656341,
            0.02993312629199899
        ],
        [
            -0.012144271909999138,
            -0.006523651229343655,
            0.029933126291999002
        ]
    ],
    "58": [
        [
            -0.010837313425321895,
            0.014984770630480171,
            0.019021114561800015
        ],
        [
            0.0007655760734789761,
            0.01875477796185454,
            0.019021114561800005
        ],
        [
            0.0024515746072041123,
            0.013565808030907107,
            0.02993312629199898
        ],
        [
            -0.009151314891596755,
            0.009795800699532736,
            0.029933126291998992
        ]
    ],
    "63": [
        [
            0.010404417842066607,
            0.015622928422368015,
            0.019021114561799998
        ],
        [
            0.01757539792003479,
            0.005752921090993665,
            0.019021114561800008
        ],
        [
            0.013161396453759926,
            0.0025459613070669533,
            0.029933126291998985
        ],
        [
            0.005990416375791741,
            0.0124159686384413,
            0.029933126291998974
        ]
    ],
    "62": [
        [
            0.017575397920034798,
            -0.005752921090993606,
            0.01902111456180001
        ],
        [
            0.010404417842066641,
            -0.015622928422367973,
            0.019021114561800022
        ],
        [
            0.005990416375791773,
            -0.012415968638441258,
            0.029933126291998992
        ],
        [
            0.013161396453759933,
            -0.0025459613070668912,
            0.029933126291998985
        ]
    ]
}